engine,sync,kernel,threads,rows,cols,cells,gens_per_run,reps,gens_per_s_median,gens_per_s_min,gens_per_s_max,cell_updates_per_s,lat_samples,lat_mean_ns,lat_p50_ns,lat_p90_ns,lat_p99_ns,lat_p999_ns,lat_max_ns,timer_tick_ns,resolution_limited
serial/scalar,serial,scalar,1,8,8,64,952497,5,9.51933e+06,8.28763e+06,9.56049e+06,6.09237e+08,3800,116.294,125,125,208,209,209,41,1
serial/bitslice,serial,bitslice,1,8,8,64,1599169,5,1.92929e+07,1.89788e+07,1.94772e+07,1.23475e+09,3800,59.3858,42,84,84,84,125,41,1
mutex/scalar,mutex,scalar,1,8,8,64,852601,5,8.81378e+06,8.77634e+06,8.89151e+06,5.64082e+08,3800,125.779,125,125,167,167,209,41,1
mutex/scalar,mutex,scalar,2,8,8,64,42791,5,393920,368986,427685,2.52109e+07,3800,2412.64,2166,3000,7291,17417,30125,41,0
mutex/scalar,mutex,scalar,4,8,8,64,9758,5,105133,99614.9,110278,6.72854e+06,3800,8831.59,8375,12375,19917,27292,50250,41,0
mutex/scalar,mutex,scalar,6,8,8,64,5642,5,52599.1,44280.5,58860.6,3.36634e+06,3800,17529.2,14958,27458,39250,56334,86125,41,0
mutex/scalar,mutex,scalar,8,8,8,64,3319,5,35602.7,31739.4,38346.2,2.27858e+06,3800,31251.9,29709,47125,70625,85208,120041,41,0
mutex/bitslice,mutex,bitslice,1,8,8,64,1628862,5,1.58765e+07,1.41508e+07,1.63064e+07,1.0161e+09,3800,71.6776,83,84,84,166,250,41,1
mutex/bitslice,mutex,bitslice,2,8,8,64,49939,5,484197,376399,494214,3.09886e+07,3800,2228.07,1791,3458,7584,21000,46250,41,0
mutex/bitslice,mutex,bitslice,4,8,8,64,11086,5,108221,104280,117879,6.92613e+06,3800,9028.3,8458,12667,24125,39958,52084,41,0
mutex/bitslice,mutex,bitslice,6,8,8,64,5602,5,59878.5,54167.3,67466.4,3.83223e+06,3800,14804.6,13209,22500,31000,43666,49208,41,0
mutex/bitslice,mutex,bitslice,8,8,8,64,3619,5,34607.2,32846.9,37536.3,2.21486e+06,3800,31694.3,30416,47667,71542,85375,109000,41,0
barrier/scalar,barrier,scalar,1,8,8,64,790998,5,7.6756e+06,7.09523e+06,8.031e+06,4.91238e+08,3800,140.438,125,167,208,250,292,41,1
barrier/scalar,barrier,scalar,2,8,8,64,407591,5,4.05031e+06,3.8733e+06,4.2625e+06,2.5922e+08,3800,293.355,208,583,708,19167,23625,41,1
barrier/scalar,barrier,scalar,4,8,8,64,110436,5,1.1227e+06,1.08582e+06,1.16529e+06,7.18527e+07,3800,869.09,834,959,1042,10084,22625,41,0
barrier/scalar,barrier,scalar,6,8,8,64,71918,5,822513,741949,833101,5.26408e+07,3800,1264.06,1042,1333,10291,30709,45833,41,0
barrier/scalar,barrier,scalar,8,8,8,64,42938,5,441498,416110,454278,2.82559e+07,3800,2252.24,1375,1666,17166,62791,96292,41,0
barrier/bitslice,barrier,bitslice,1,8,8,64,1387345,5,1.40738e+07,1.40223e+07,1.41049e+07,9.00723e+08,3800,84.09,83,84,125,167,208,41,1
barrier/bitslice,barrier,bitslice,2,8,8,64,481649,5,4.52773e+06,4.30906e+06,4.7848e+06,2.89775e+08,3800,173.607,167,167,209,5291,11833,41,1
barrier/bitslice,barrier,bitslice,4,8,8,64,113970,5,1.21485e+06,1.16397e+06,1.35186e+06,7.77503e+07,3800,1065.65,792,1000,10875,25333,41959,41,0
barrier/bitslice,barrier,bitslice,6,8,8,64,60983,5,905869,782749,1.0455e+06,5.79756e+07,3800,970.57,958,1084,1208,8625,16625,41,0
barrier/bitslice,barrier,bitslice,8,8,8,64,24155,5,224644,158311,401657,1.43772e+07,3800,2847.85,1334,5125,29291,63791,112500,41,0
atomic/scalar,atomic,scalar,1,8,8,64,923095,5,9.07491e+06,9.00553e+06,9.24655e+06,5.80794e+08,3800,121.217,125,125,167,209,250,41,1
atomic/scalar,atomic,scalar,2,8,8,64,390408,5,5.52983e+06,4.35243e+06,5.87242e+06,3.53909e+08,3800,197.039,208,209,500,542,10000,41,1
atomic/scalar,atomic,scalar,4,8,8,64,147713,5,1.72412e+06,1.53932e+06,1.80999e+06,1.10344e+08,3800,576.689,584,667,667,12333,13041,41,0
atomic/scalar,atomic,scalar,6,8,8,64,138713,5,1.61299e+06,1.4235e+06,1.69993e+06,1.03231e+08,3800,564.298,542,666,708,709,750,41,0
atomic/scalar,atomic,scalar,8,8,8,64,27163,5,186333,79407.7,490898,1.19253e+07,3800,16546.7,16041,30834,39125,48000,52750,41,0
atomic/bitslice,atomic,bitslice,1,8,8,64,1798625,5,1.81318e+07,1.80223e+07,1.8381e+07,1.16044e+09,3800,68.8924,83,84,84,167,292,41,1
atomic/bitslice,atomic,bitslice,2,8,8,64,789339,5,6.22006e+06,5.93547e+06,7.15716e+06,3.98084e+08,3800,160.724,167,167,209,250,500,41,1
atomic/bitslice,atomic,bitslice,4,8,8,64,171206,5,1.86442e+06,1.64541e+06,1.91229e+06,1.19323e+08,3800,502.84,541,625,667,667,792,41,0
atomic/bitslice,atomic,bitslice,6,8,8,64,144333,5,589512,388933,866445,3.77288e+07,3800,2261.06,542,3000,29291,43042,45083,41,0
atomic/bitslice,atomic,bitslice,8,8,8,64,13127,5,71243.9,56981.7,139255,4.55961e+06,3800,14982.2,15375,31625,41625,48667,67625,41,0
serial/scalar,serial,scalar,1,16,16,256,240422,5,2.40093e+06,2.37723e+06,2.45176e+06,6.14637e+08,3800,418.52,417,417,541,583,12750,41,0
serial/bitslice,serial,bitslice,1,16,16,256,1031524,5,1.0393e+07,1.0342e+07,1.04573e+07,2.6606e+09,3800,106.261,125,125,125,208,209,41,1
mutex/scalar,mutex,scalar,1,16,16,256,239076,5,2.41015e+06,2.39864e+06,2.41492e+06,6.16997e+08,3800,421.272,417,458,459,459,500,41,0
mutex/scalar,mutex,scalar,2,16,16,256,41037,5,406173,401565,410253,1.0398e+08,3800,2520,2333,3292,4958,7917,10709,41,0
mutex/scalar,mutex,scalar,4,16,16,256,11552,5,115890,115464,116759,2.96679e+07,3800,8663.76,8333,12291,18250,24750,32625,41,0
mutex/scalar,mutex,scalar,6,16,16,256,6443,5,64217.5,63636.7,65152.1,1.64397e+07,3800,15597.1,13541,24333,31916,44833,59042,41,0
mutex/scalar,mutex,scalar,8,16,16,256,3790,5,37148.2,36929.7,40044.7,9.50993e+06,3800,26931.1,26791,38042,53334,69375,82708,41,0
mutex/scalar,mutex,scalar,10,16,16,256,2934,5,28102.3,27425.9,28743.2,7.19418e+06,3800,34079.2,31958,49542,71791,87583,98125,41,0
mutex/bitslice,mutex,bitslice,1,16,16,256,936441,5,9.35725e+06,9.19006e+06,9.40801e+06,2.39546e+09,3800,118.355,125,125,125,209,250,41,1
mutex/bitslice,mutex,bitslice,2,16,16,256,44553,5,451984,448409,454951,1.15708e+08,3800,2152.61,2084,2209,3458,6041,19042,41,0
mutex/bitslice,mutex,bitslice,4,16,16,256,11662,5,118603,115097,119374,3.03624e+07,3800,8987.8,8291,12917,24625,30458,39125,41,0
mutex/bitslice,mutex,bitslice,6,16,16,256,6650,5,65371.3,62385.5,66115.7,1.6735e+07,3800,15475.8,13541,24917,31667,44583,75458,41,0
mutex/bitslice,mutex,bitslice,8,16,16,256,3892,5,38104.5,37188.4,38278.5,9.75474e+06,3800,26334.7,26167,37041,51709,66917,75083,41,0
mutex/bitslice,mutex,bitslice,10,16,16,256,2869,5,29388.3,29291.7,30168.2,7.52339e+06,3800,34492.9,32458,49875,72292,80458,89542,41,0
barrier/scalar,barrier,scalar,1,16,16,256,232542,5,2.31707e+06,2.30415e+06,2.3384e+06,5.93171e+08,3800,444.441,417,459,542,666,7833,41,0
barrier/scalar,barrier,scalar,2,16,16,256,254787,5,2.53981e+06,2.2963e+06,2.77202e+06,6.5019e+08,3800,374.002,375,375,417,583,13750,41,1
barrier/scalar,barrier,scalar,4,16,16,256,134051,5,1.33284e+06,1.25249e+06,1.38694e+06,3.41206e+08,3800,820.329,791,1084,1167,1250,10042,41,0
barrier/scalar,barrier,scalar,6,16,16,256,87777,5,1.18623e+06,1.00294e+06,1.34959e+06,3.03676e+08,3800,822.138,833,834,875,2042,7750,41,0
barrier/scalar,barrier,scalar,8,16,16,256,31228,5,675274,651200,710684,1.7287e+08,3800,1447.75,1417,1625,1750,12167,17625,41,0
barrier/scalar,barrier,scalar,10,16,16,256,39861,5,454024,350390,482571,1.1623e+08,3800,2021.13,1500,1750,13208,20083,37291,41,0
barrier/bitslice,barrier,bitslice,1,16,16,256,875205,5,8.73025e+06,8.66546e+06,8.75906e+06,2.23494e+09,3800,127.84,125,125,167,167,292,41,1
barrier/bitslice,barrier,bitslice,2,16,16,256,543322,5,5.36253e+06,4.59738e+06,5.70517e+06,1.37281e+09,3800,176.086,167,208,209,209,375,41,1
barrier/bitslice,barrier,bitslice,4,16,16,256,129621,5,1.26735e+06,1.25711e+06,1.42607e+06,3.24442e+08,3800,822.643,833,917,1000,4542,18625,41,0
barrier/bitslice,barrier,bitslice,6,16,16,256,107175,5,1.12765e+06,1.11741e+06,1.16805e+06,2.8868e+08,3800,869.781,875,958,1000,1667,11083,41,0
barrier/bitslice,barrier,bitslice,8,16,16,256,69462,5,704502,685169,717913,1.80353e+08,3800,1498.36,1375,1542,4708,17083,65375,41,0
barrier/bitslice,barrier,bitslice,10,16,16,256,57400,5,464358,434909,532468,1.18876e+08,3800,1871.61,1500,1750,11500,19541,28959,41,0
atomic/scalar,atomic,scalar,1,16,16,256,245518,5,2.43047e+06,2.42813e+06,2.43654e+06,6.222e+08,3800,415.735,417,417,458,459,500,41,0
atomic/scalar,atomic,scalar,2,16,16,256,272217,5,2.77853e+06,2.44704e+06,3.01505e+06,7.11305e+08,3800,341.831,333,375,375,416,500,41,1
atomic/scalar,atomic,scalar,4,16,16,256,161069,5,1.58648e+06,1.49951e+06,1.62109e+06,4.0614e+08,3800,662.642,625,667,750,12291,13625,41,0
atomic/scalar,atomic,scalar,6,16,16,256,116932,5,1.42469e+06,1.30059e+06,1.44479e+06,3.64722e+08,3800,610.34,625,708,750,750,791,41,0
atomic/scalar,atomic,scalar,8,16,16,256,14988,5,187823,126306,217704,4.80826e+07,3800,3313.8,1000,11791,31542,36792,47542,41,0
atomic/scalar,atomic,scalar,10,16,16,256,5243,5,53719.1,43849.7,59053.1,1.37521e+07,3800,22462.8,21666,34166,42958,48042,66000,41,0
atomic/bitslice,atomic,bitslice,1,16,16,256,984931,5,9.80648e+06,9.77066e+06,9.86267e+06,2.51046e+09,3800,114.945,125,125,125,167,167,41,1
atomic/bitslice,atomic,bitslice,2,16,16,256,637937,5,6.31871e+06,5.78145e+06,6.74439e+06,1.61759e+09,3800,178.476,167,209,209,209,250,41,1
atomic/bitslice,atomic,bitslice,4,16,16,256,166612,5,1.66778e+06,1.63023e+06,1.74997e+06,4.26953e+08,3800,546.261,625,667,667,10375,12542,41,0
atomic/bitslice,atomic,bitslice,6,16,16,256,162589,5,1.58906e+06,1.51963e+06,1.65123e+06,4.06799e+08,3800,551.305,542,583,667,708,709,41,0
atomic/bitslice,atomic,bitslice,8,16,16,256,18718,5,221303,194355,304980,5.66536e+07,3800,8539.35,834,25958,36167,39125,44708,41,0
atomic/bitslice,atomic,bitslice,10,16,16,256,4673,5,61466.5,42441.2,64813.7,1.57354e+07,3800,23340.4,22125,35667,45250,47834,52250,41,0
serial/scalar,serial,scalar,1,24,24,576,112010,5,1.11872e+06,1.1121e+06,1.11961e+06,6.4438e+08,3800,911.743,916,917,1041,5916,16458,41,0
serial/bitslice,serial,bitslice,1,24,24,576,674415,5,6.71611e+06,5.42766e+06,6.73447e+06,3.86848e+09,3800,155.406,166,167,167,333,5459,41,1
mutex/scalar,mutex,scalar,1,24,24,576,109619,5,1.09536e+06,1.09029e+06,1.09916e+06,6.30928e+08,3800,949.156,917,959,1125,7833,9125,41,0
mutex/scalar,mutex,scalar,2,24,24,576,33486,5,335856,331815,339594,1.93453e+08,3800,3353.45,3042,4125,7666,18334,25917,41,0
mutex/scalar,mutex,scalar,4,24,24,576,11004,5,112004,109942,113599,6.45144e+07,3800,8807.76,8208,12042,20292,24625,27250,41,0
mutex/scalar,mutex,scalar,6,24,24,576,6263,5,60156.5,60005.1,61173.6,3.46501e+07,3800,16412.5,14125,25125,31500,42667,53833,41,0
mutex/scalar,mutex,scalar,8,24,24,576,3697,5,37161.3,36165.8,37502.1,2.14049e+07,3800,26934.1,27167,36333,50667,66584,75333,41,0
mutex/scalar,mutex,scalar,10,24,24,576,2863,5,29128.2,28048.8,29504.9,1.67779e+07,3800,36007.3,33875,51667,70542,97083,125458,41,0
mutex/bitslice,mutex,bitslice,1,24,24,576,620082,5,6.15636e+06,6.11471e+06,6.17921e+06,3.54607e+09,3800,167.719,167,167,209,250,334,41,1
mutex/bitslice,mutex,bitslice,2,24,24,576,39590,5,432409,420886,437808,2.49068e+08,3800,2305.18,2167,2791,5042,7833,14000,41,0
mutex/bitslice,mutex,bitslice,4,24,24,576,11703,5,117421,114563,117707,6.76342e+07,3800,8479.56,8292,11708,19042,27500,31417,41,0
mutex/bitslice,mutex,bitslice,6,24,24,576,6653,5,64681.4,63089.8,65183.5,3.72565e+07,3800,15563.5,13708,24334,31750,48666,55542,41,0
mutex/bitslice,mutex,bitslice,8,24,24,576,3750,5,37481.4,37397.7,38081.1,2.15893e+07,3800,26710.4,26792,37250,52292,63709,68542,41,0
mutex/bitslice,mutex,bitslice,10,24,24,576,2919,5,28941.9,28658.9,29485.3,1.66705e+07,3800,34025.4,31667,50208,70667,83916,99167,41,0
barrier/scalar,barrier,scalar,1,24,24,576,106802,5,1.07148e+06,1.06864e+06,1.07508e+06,6.17173e+08,3800,931.294,917,959,1000,1084,1084,41,0
barrier/scalar,barrier,scalar,2,24,24,576,155103,5,1.64141e+06,1.52305e+06,1.67964e+06,9.45453e+08,3800,628.607,625,625,667,7625,14459,41,0
barrier/scalar,barrier,scalar,4,24,24,576,113326,5,1.13473e+06,1.11178e+06,1.16262e+06,6.53602e+08,3800,881.513,875,917,959,1084,2375,41,0
barrier/scalar,barrier,scalar,6,24,24,576,105676,5,1.04451e+06,1.00832e+06,1.0852e+06,6.01636e+08,3800,904.32,916,959,1000,6333,12375,41,0
barrier/scalar,barrier,scalar,8,24,24,576,64146,5,630144,582791,673263,3.62963e+08,3800,1485,1417,1625,2625,15458,27417,41,0
barrier/scalar,barrier,scalar,10,24,24,576,36743,5,430037,399461,486359,2.47701e+08,3800,1970.37,1583,1792,13125,23542,32125,41,0
barrier/bitslice,barrier,bitslice,1,24,24,576,582984,5,5.82036e+06,5.70329e+06,5.88034e+06,3.35253e+09,3800,193.728,167,209,250,4625,15958,41,1
barrier/bitslice,barrier,bitslice,2,24,24,576,318329,5,3.26724e+06,1.98991e+06,4.46552e+06,1.88193e+09,3800,480.888,584,708,834,1000,12500,41,0
barrier/bitslice,barrier,bitslice,4,24,24,576,109741,5,1.3888e+06,1.20273e+06,1.41989e+06,7.99946e+08,3800,785.943,709,834,1167,11292,30708,41,0
barrier/bitslice,barrier,bitslice,6,24,24,576,106544,5,1.19473e+06,1.03913e+06,1.2525e+06,6.88165e+08,3800,832.083,833,875,1083,1208,10125,41,0
barrier/bitslice,barrier,bitslice,8,24,24,576,64107,5,691995,559163,742597,3.98589e+08,3800,1427.82,1333,1542,1875,18250,52583,41,0
barrier/bitslice,barrier,bitslice,10,24,24,576,34864,5,564913,435423,586880,3.2539e+08,3800,1690.99,1500,1667,11541,17500,22375,41,0
atomic/scalar,atomic,scalar,1,24,24,576,110511,5,1.09614e+06,1.08376e+06,1.10073e+06,6.31375e+08,3800,932.862,917,958,1166,4875,13792,41,0
atomic/scalar,atomic,scalar,2,24,24,576,161481,5,1.6607e+06,1.53864e+06,1.72636e+06,9.56565e+08,3800,600.987,584,625,750,792,917,41,0
atomic/scalar,atomic,scalar,4,24,24,576,125932,5,1.34197e+06,1.2566e+06,1.35296e+06,7.72973e+08,3800,811.009,791,917,958,10083,17292,41,0
atomic/scalar,atomic,scalar,6,24,24,576,122865,5,1.21375e+06,1.12148e+06,1.37972e+06,6.9912e+08,3800,654.32,625,667,792,4167,5292,41,0
atomic/scalar,atomic,scalar,8,24,24,576,7103,5,99159.6,44077.7,114258,5.71159e+07,3800,12006.7,12584,28291,35417,38875,41792,41,0
atomic/scalar,atomic,scalar,10,24,24,576,4577,5,61588.7,49513.2,69787.9,3.54751e+07,3800,24374.4,23416,33750,41667,45916,49041,41,0
atomic/bitslice,atomic,bitslice,1,24,24,576,641837,5,6.35044e+06,6.33174e+06,6.4183e+06,3.65785e+09,3800,161.502,167,167,167,292,292,41,1
atomic/bitslice,atomic,bitslice,2,24,24,576,319502,5,3.7245e+06,3.04311e+06,3.76483e+06,2.14531e+09,3800,224.978,208,250,292,6792,13125,41,1
atomic/bitslice,atomic,bitslice,4,24,24,576,163067,5,1.63851e+06,1.46293e+06,1.72497e+06,9.43782e+08,3800,581.009,625,667,709,750,750,41,0
atomic/bitslice,atomic,bitslice,6,24,24,576,159050,5,1.48222e+06,724708,1.64006e+06,8.53759e+08,3800,569.572,583,667,667,709,750,41,0
atomic/bitslice,atomic,bitslice,8,24,24,576,7090,5,110578,88171.7,166111,6.36931e+07,3800,6696.55,833,22292,34209,39250,48125,41,0
atomic/bitslice,atomic,bitslice,10,24,24,576,4420,5,43805.5,42673.9,61881,2.52319e+07,3800,24007.3,22583,36042,45375,48083,61458,41,0
serial/scalar,serial,scalar,1,32,32,1024,61768,5,622260,619565,626648,6.37194e+08,3800,1605.7,1584,1625,1709,5833,6625,41,0
serial/bitslice,serial,bitslice,1,32,32,1024,512525,5,5.09998e+06,4.86166e+06,5.1283e+06,5.22238e+09,3800,516.086,500,542,625,12166,100375,41,0
mutex/scalar,mutex,scalar,1,32,32,1024,46642,5,624682,620884,626181,6.39674e+08,3800,1643.56,1625,1667,2000,5292,14834,41,0
mutex/scalar,mutex,scalar,2,32,32,1024,27250,5,254750,237324,271635,2.60864e+08,3800,3966.47,3958,4333,6750,18959,24291,41,0
mutex/scalar,mutex,scalar,4,32,32,1024,10872,5,107895,105479,109762,1.10485e+08,3800,9014.54,8208,12833,20125,23250,26333,41,0
mutex/scalar,mutex,scalar,6,32,32,1024,5970,5,58988.1,53350.6,59330.6,6.04038e+07,3800,17065.3,15042,25000,32250,42375,47042,41,0
mutex/scalar,mutex,scalar,8,32,32,1024,3629,5,34790.8,33329,37694.2,3.56258e+07,3800,26924.3,26625,37583,53125,64916,79500,41,0
mutex/scalar,mutex,scalar,10,32,32,1024,2876,5,28364.9,27379.7,28950.2,2.90456e+07,3800,36664.6,34583,53291,72500,84250,100958,41,0
mutex/bitslice,mutex,bitslice,1,32,32,1024,480690,5,4.78364e+06,4.73939e+06,4.80016e+06,4.89845e+09,3800,233.004,209,291,333,417,13916,41,1
mutex/bitslice,mutex,bitslice,2,32,32,1024,44047,5,435394,432738,444411,4.45843e+08,3800,2278.37,2167,2584,4708,10500,15000,41,0
mutex/bitslice,mutex,bitslice,4,32,32,1024,11574,5,117857,115356,118091,1.20686e+08,3800,8423.11,8250,11750,17917,22417,32625,41,0
mutex/bitslice,mutex,bitslice,6,32,32,1024,6576,5,65921.2,59960.4,66179.5,6.75033e+07,3800,15851.4,13708,25208,33834,47292,52375,41,0
mutex/bitslice,mutex,bitslice,8,32,32,1024,3773,5,35057.1,34753.3,36578,3.58984e+07,3800,27375.9,27125,38083,54042,67166,99334,41,0
mutex/bitslice,mutex,bitslice,10,32,32,1024,2971,5,27976.5,23162.7,29189.2,2.8648e+07,3800,38421,36125,56750,77334,99917,102750,41,0
barrier/scalar,barrier,scalar,1,32,32,1024,61501,5,617292,605221,618248,6.32107e+08,3800,1626.91,1625,1625,1792,1834,14250,41,0
barrier/scalar,barrier,scalar,2,32,32,1024,99229,5,1.04518e+06,1.00407e+06,1.05441e+06,1.07026e+09,3800,1761.32,1833,1875,1917,5583,25208,41,0
barrier/scalar,barrier,scalar,4,32,32,1024,93808,5,939266,924893,949937,9.61808e+08,3800,1148.14,1083,1167,1542,12417,39459,41,0
barrier/scalar,barrier,scalar,6,32,32,1024,86295,5,778013,457329,843867,7.96686e+08,3800,1794.06,1167,1625,12208,29750,47375,41,0
barrier/scalar,barrier,scalar,8,32,32,1024,53592,5,539267,420510,612139,5.52209e+08,3800,2580.32,1541,1792,21583,64125,79125,41,0
barrier/scalar,barrier,scalar,10,32,32,1024,15531,5,431641,230078,464547,4.42001e+08,3800,2287.55,1625,1958,15125,38583,59750,41,0
barrier/bitslice,barrier,bitslice,1,32,32,1024,452814,5,4.60464e+06,4.54532e+06,4.6128e+06,4.71515e+09,3800,224.002,209,250,250,333,334,41,1
barrier/bitslice,barrier,bitslice,2,32,32,1024,291252,5,3.8394e+06,3.254e+06,4.22405e+06,3.93155e+09,3800,250.68,250,250,292,375,417,41,1
barrier/bitslice,barrier,bitslice,4,32,32,1024,141819,5,1.426e+06,1.32011e+06,1.47189e+06,1.46022e+09,3800,716.195,708,792,834,917,7541,41,0
barrier/bitslice,barrier,bitslice,6,32,32,1024,97733,5,761278,711633,946010,7.79549e+08,3800,1284.76,916,1250,11459,36875,280292,41,0
barrier/bitslice,barrier,bitslice,8,32,32,1024,50464,5,570912,346620,589804,5.84614e+08,3800,2391.36,1291,1750,21416,35875,50709,41,0
barrier/bitslice,barrier,bitslice,10,32,32,1024,35170,5,350311,306517,479543,3.58719e+08,3800,6223.43,6834,12250,22875,37542,66291,41,0
atomic/scalar,atomic,scalar,1,32,32,1024,61910,5,630729,628996,633538,6.45867e+08,3800,1605.16,1584,1625,1750,1750,3958,41,0
atomic/scalar,atomic,scalar,2,32,32,1024,103943,5,1.09277e+06,1.03963e+06,1.09697e+06,1.11899e+09,3800,979.704,958,959,1167,9250,32334,41,0
atomic/scalar,atomic,scalar,4,32,32,1024,108879,5,1.07347e+06,1.01349e+06,1.10438e+06,1.09924e+09,3800,955.055,958,1084,1125,1166,1167,41,0
atomic/scalar,atomic,scalar,6,32,32,1024,106492,5,1.14452e+06,1.09592e+06,1.16663e+06,1.17199e+09,3800,1090.76,875,959,12042,18709,41834,41,0
atomic/scalar,atomic,scalar,8,32,32,1024,4606,5,107386,62735.9,138710,1.09963e+08,3800,1941.17,1125,1167,27917,36750,42458,41,0
atomic/scalar,atomic,scalar,10,32,32,1024,5351,5,45416.9,39978.8,52837.7,4.65069e+07,3800,24757.6,23375,36709,46292,50625,61500,41,0
atomic/bitslice,atomic,bitslice,1,32,32,1024,490280,5,4.93843e+06,4.92965e+06,4.94474e+06,5.05696e+09,3800,209.386,208,209,250,250,375,41,1
atomic/bitslice,atomic,bitslice,2,32,32,1024,486160,5,4.37213e+06,4.10288e+06,4.8459e+06,4.47706e+09,3800,245.362,250,250,250,4625,5209,41,1
atomic/bitslice,atomic,bitslice,4,32,32,1024,172395,5,1.69004e+06,1.52849e+06,1.74285e+06,1.7306e+09,3800,519.112,542,625,625,709,4959,41,0
atomic/bitslice,atomic,bitslice,6,32,32,1024,97085,5,1.38899e+06,1.08596e+06,1.60113e+06,1.42233e+09,3800,816.93,583,584,11584,27959,37708,41,0
atomic/bitslice,atomic,bitslice,8,32,32,1024,20866,5,185960,93225.1,251636,1.90423e+08,3800,776.371,791,875,959,1041,2375,41,0
atomic/bitslice,atomic,bitslice,10,32,32,1024,4485,5,44039.2,42844.1,62656.1,4.50962e+07,3800,14700.7,17542,30041,39958,44583,66250,41,0
serial/scalar,serial,scalar,1,64,64,4096,15852,5,157018,155280,158858,6.43146e+08,3800,6377.26,6291,6417,7916,11833,38375,41,0
serial/bitslice,serial,bitslice,1,64,64,4096,245865,5,2.46566e+06,2.4651e+06,2.47095e+06,1.00994e+10,3800,409.857,417,417,459,500,542,41,0
mutex/scalar,mutex,scalar,1,64,64,4096,15941,5,159285,158773,159670,6.52433e+08,3800,6291.5,6250,6333,6500,9375,19667,41,0
mutex/scalar,mutex,scalar,2,64,64,4096,9641,5,96950.9,95127,98281.6,3.97111e+08,3800,10594.6,10542,10875,13917,18209,34542,41,0
mutex/scalar,mutex,scalar,4,64,64,4096,9159,5,90794.7,90711.6,91600,3.71895e+08,3800,11250.1,10334,13958,23167,49375,81708,41,0
mutex/scalar,mutex,scalar,6,64,64,4096,5487,5,54902.2,54859.7,54959.1,2.24879e+08,3800,18284.9,16292,25792,31917,47417,64542,41,0
mutex/scalar,mutex,scalar,8,64,64,4096,3485,5,34755,34353.5,35571.7,1.42356e+08,3800,28549.9,28208,38750,54375,68125,78083,41,0
mutex/scalar,mutex,scalar,10,64,64,4096,2578,5,25359.3,24734.8,26718,1.03872e+08,3800,37996.8,35625,54375,74167,88042,104542,41,0
mutex/bitslice,mutex,bitslice,1,64,64,4096,236480,5,2.35064e+06,2.30611e+06,2.35616e+06,9.62822e+09,3800,428.026,417,458,500,541,10000,41,0
mutex/bitslice,mutex,bitslice,2,64,64,4096,37705,5,395833,376081,404229,1.62133e+09,3800,2741.62,2375,3667,6708,13084,28791,41,0
mutex/bitslice,mutex,bitslice,4,64,64,4096,10948,5,110618,109014,115122,4.53092e+08,3800,8674.07,8292,12166,19875,24833,27708,41,0
mutex/bitslice,mutex,bitslice,6,64,64,4096,5939,5,63381.6,57271.2,64475.5,2.59611e+08,3800,15462.1,13584,24416,30792,44041,51792,41,0
mutex/bitslice,mutex,bitslice,8,64,64,4096,3701,5,36798.3,36700.6,37456.1,1.50726e+08,3800,27145,27083,37875,53542,67416,72166,41,0
mutex/bitslice,mutex,bitslice,10,64,64,4096,2790,5,29083.6,27907.7,33699.7,1.19127e+08,3800,35700.3,33542,53083,73292,86375,101208,41,0
barrier/scalar,barrier,scalar,1,64,64,4096,15822,5,157437,154942,158009,6.4486e+08,3800,6349.69,6292,6333,7458,16292,26000,41,0
barrier/scalar,barrier,scalar,2,64,64,4096,29902,5,283502,277184,297951,1.16122e+09,3800,3366.9,3333,3375,4167,11125,24125,41,0
barrier/scalar,barrier,scalar,4,64,64,4096,43045,5,429465,424077,431296,1.75909e+09,3800,2290.84,2250,2375,2708,10875,19542,41,0
barrier/scalar,barrier,scalar,6,64,64,4096,49489,5,523753,508824,540757,2.14529e+09,3800,1919.89,1875,2042,2166,7666,12292,41,0
barrier/scalar,barrier,scalar,8,64,64,4096,32368,5,271953,265632,280431,1.11392e+09,3800,3937.87,2917,3208,26459,57833,104875,41,0
barrier/scalar,barrier,scalar,10,64,64,4096,18604,5,160063,141290,210598,6.55616e+08,3800,3021.37,2584,2709,14000,20208,32292,41,0
barrier/bitslice,barrier,bitslice,1,64,64,4096,232451,5,2.32032e+06,2.30955e+06,2.32715e+06,9.50405e+09,3800,435.68,417,459,500,583,11916,41,0
barrier/bitslice,barrier,bitslice,2,64,64,4096,214924,5,2.07704e+06,1.89126e+06,2.71633e+06,8.50755e+09,3800,367.632,375,375,375,458,500,41,1
barrier/bitslice,barrier,bitslice,4,64,64,4096,129287,5,1.33739e+06,1.29163e+06,1.35846e+06,5.47794e+09,3800,748.871,709,833,875,2541,11209,41,0
barrier/bitslice,barrier,bitslice,6,64,64,4096,112858,5,1.06834e+06,1.04298e+06,1.14588e+06,4.37591e+09,3800,856.107,833,959,1042,3667,9750,41,0
barrier/bitslice,barrier,bitslice,8,64,64,4096,59751,5,600902,541028,614451,2.46129e+09,3800,1482.34,1375,1625,2625,23292,55708,41,0
barrier/bitslice,barrier,bitslice,10,64,64,4096,52330,5,300334,257011,501439,1.23017e+09,3800,3818.88,1541,9625,23083,37125,43500,41,0
atomic/scalar,atomic,scalar,1,64,64,4096,15535,5,155598,155059,157433,6.37328e+08,3800,6473.65,6250,6375,11375,24167,52333,41,0
atomic/scalar,atomic,scalar,2,64,64,4096,28151,5,277530,272289,301063,1.13676e+09,3800,3580.88,3334,3667,12291,17209,30750,41,0
atomic/scalar,atomic,scalar,4,64,64,4096,41661,5,382723,355730,424121,1.56763e+09,3800,2401.01,2125,2333,12500,16917,44250,41,0
atomic/scalar,atomic,scalar,6,64,64,4096,49966,5,293547,234113,341478,1.20237e+09,3800,3187.78,1750,2208,26500,34167,40500,41,0
atomic/scalar,atomic,scalar,8,64,64,4096,4329,5,43594.1,42123.5,45858.4,1.78561e+08,3800,22610.4,21250,34042,43791,50917,59917,41,0
atomic/scalar,atomic,scalar,10,64,64,4096,3709,5,38498.8,36905.2,39011.3,1.57691e+08,3800,27781.9,26292,39083,48167,54875,63459,41,0
atomic/bitslice,atomic,bitslice,1,64,64,4096,244242,5,2.39718e+06,2.38798e+06,2.42146e+06,9.81886e+09,3800,423.662,417,417,500,542,8667,41,0
atomic/bitslice,atomic,bitslice,2,64,64,4096,239784,5,2.39381e+06,2.26986e+06,2.61352e+06,9.80504e+09,3800,346.491,334,375,375,458,4958,41,1
atomic/bitslice,atomic,bitslice,4,64,64,4096,145282,5,1.41992e+06,1.40081e+06,1.46912e+06,5.81598e+09,3800,601.053,625,667,792,4792,11958,41,0
atomic/bitslice,atomic,bitslice,6,64,64,4096,119493,5,911673,712230,1.36818e+06,3.73421e+09,3800,622.982,625,625,750,750,1792,41,0
atomic/bitslice,atomic,bitslice,8,64,64,4096,22778,5,269399,130128,304430,1.10346e+09,3800,3578.74,959,13042,32833,37500,41125,41,0
atomic/bitslice,atomic,bitslice,10,64,64,4096,4553,5,44036.2,41201.4,50186.2,1.80372e+08,3800,23426.4,22125,35791,48042,64500,82083,41,0
serial/scalar,serial,scalar,1,128,128,16384,3607,5,36286.2,36269.4,36371.5,5.94512e+08,3800,27578.5,27333,27875,34875,41500,48208,41,0
serial/bitslice,serial,bitslice,1,128,128,16384,68600,5,687399,678480,688043,1.12623e+10,3800,1538.16,1541,1584,1834,2042,6584,41,0
mutex/scalar,mutex,scalar,1,128,128,16384,3634,5,36342.8,36083.7,36359.8,5.9544e+08,3800,27434.7,27292,27834,29250,35709,41750,41,0
mutex/scalar,mutex,scalar,2,128,128,16384,4481,5,44921.9,44886.9,45638.1,7.36001e+08,3800,22025.5,22875,23542,25292,27875,41375,41,0
mutex/scalar,mutex,scalar,4,128,128,16384,4964,5,49793.1,49479.7,49892.3,8.15809e+08,3800,19922.1,18459,24292,32792,56875,62500,41,0
mutex/scalar,mutex,scalar,6,128,128,16384,3986,5,40175.3,39720.3,40273.8,6.58232e+08,3800,25114.7,24667,32917,39333,46667,53000,41,0
mutex/scalar,mutex,scalar,8,128,128,16384,2947,5,29601.4,29341.8,29893.5,4.8499e+08,3800,33628.9,32792,43666,56208,68333,75750,41,0
mutex/scalar,mutex,scalar,10,128,128,16384,2424,5,24253.1,24107.4,24481.9,3.97363e+08,3800,41053.5,39625,55292,76042,85292,100708,41,0
mutex/bitslice,mutex,bitslice,1,128,128,16384,67972,5,676378,661941,680023,1.10818e+10,3800,1499.38,1500,1541,1833,2083,5875,41,0
mutex/bitslice,mutex,bitslice,2,128,128,16384,27097,5,281325,273845,292298,4.60922e+09,3800,3703.98,3834,4333,6292,8667,16125,41,0
mutex/bitslice,mutex,bitslice,4,128,128,16384,11177,5,111449,110904,112399,1.82598e+09,3800,8873.83,8208,12291,20333,23166,24708,41,0
mutex/bitslice,mutex,bitslice,6,128,128,16384,6111,5,61209.6,60098.7,61262.6,1.00286e+09,3800,16222.6,14458,24083,29542,34333,46750,41,0
mutex/bitslice,mutex,bitslice,8,128,128,16384,3697,5,34508.1,29607.4,38069.1,5.65381e+08,3800,27502.2,27583,38250,52958,67084,73125,41,0
mutex/bitslice,mutex,bitslice,10,128,128,16384,2771,5,27538.2,26962.5,27838.7,4.51186e+08,3800,36328,34000,53458,73250,84792,95500,41,0
barrier/scalar,barrier,scalar,1,128,128,16384,3638,5,36397.5,35627,36484.3,5.96337e+08,3800,27492.4,27292,27833,32208,40875,44250,41,0
barrier/scalar,barrier,scalar,2,128,128,16384,7039,5,70769.4,70249.6,71024.5,1.15949e+09,3800,14629.6,14333,15083,22166,33375,36708,41,0
barrier/scalar,barrier,scalar,4,128,128,16384,12936,5,128590,127067,128986,2.10682e+09,3800,7705.95,7667,7792,8834,13834,21625,41,0
barrier/scalar,barrier,scalar,6,128,128,16384,17448,5,169712,140671,173402,2.78056e+09,3800,5614.51,5500,5667,6500,22833,52542,41,0
barrier/scalar,barrier,scalar,8,128,128,16384,9936,5,96072.9,69156.4,99292.8,1.57406e+09,3800,10059.6,9750,9917,21666,33417,50041,41,0
barrier/scalar,barrier,scalar,10,128,128,16384,10821,5,111953,91910.3,112494,1.83424e+09,3800,8903.89,8166,8875,20958,35000,37208,41,0
barrier/bitslice,barrier,bitslice,1,128,128,16384,66719,5,667076,663271,669619,1.09294e+10,3800,1512.82,1500,1500,1625,6292,12208,41,0
barrier/bitslice,barrier,bitslice,2,128,128,16384,113286,5,1.08993e+06,1.04265e+06,1.12628e+06,1.78575e+10,3800,895.768,875,917,917,959,9208,41,0
barrier/bitslice,barrier,bitslice,4,128,128,16384,97251,5,972945,931100,976594,1.59407e+10,3800,1039.58,1041,1125,1125,1167,2709,41,0
barrier/bitslice,barrier,bitslice,6,128,128,16384,97375,5,976277,952687,1.00274e+06,1.59953e+10,3800,1011.82,1000,1042,1042,1125,6916,41,0
barrier/bitslice,barrier,bitslice,8,128,128,16384,64866,5,656583,628117,664357,1.07575e+10,3800,1483.87,1416,1667,1792,13500,22250,41,0
barrier/bitslice,barrier,bitslice,10,128,128,16384,56518,5,536437,413076,576553,8.78898e+09,3800,1789.51,1625,1833,3875,19041,97875,41,0
atomic/scalar,atomic,scalar,1,128,128,16384,3655,5,36474.1,36445.9,36514.3,5.97591e+08,3800,27492.2,27292,27833,32417,37167,44000,41,0
atomic/scalar,atomic,scalar,2,128,128,16384,7088,5,70978.5,70672,70995.5,1.16291e+09,3800,14098.7,14000,14333,14667,26916,30959,41,0
atomic/scalar,atomic,scalar,4,128,128,16384,12618,5,132342,130708,132406,2.16829e+09,3800,7652.94,7500,7708,10458,24667,55792,41,0
atomic/scalar,atomic,scalar,6,128,128,16384,17014,5,164064,155712,170059,2.68802e+09,3800,7862.56,5500,18458,21958,40750,65584,41,0
atomic/scalar,atomic,scalar,8,128,128,16384,3199,5,31859.1,31654.9,32407.3,5.21979e+08,3800,31549.2,31125,41125,49458,53250,91083,41,0
atomic/scalar,atomic,scalar,10,128,128,16384,2797,5,27887.2,27667.4,28023.8,4.56903e+08,3800,35890.1,34583,48250,59791,67166,71833,41,0
atomic/bitslice,atomic,bitslice,1,128,128,16384,67616,5,676769,675320,677594,1.10882e+10,3800,1485.73,1500,1500,1666,1709,10041,41,0
atomic/bitslice,atomic,bitslice,2,128,128,16384,119346,5,1.19645e+06,1.13033e+06,1.19873e+06,1.96027e+10,3800,869.276,875,875,1042,1084,1125,41,0
atomic/bitslice,atomic,bitslice,4,128,128,16384,108802,5,1.08442e+06,1.06803e+06,1.09128e+06,1.77672e+10,3800,917.489,958,1083,1084,1375,12084,41,0
atomic/bitslice,atomic,bitslice,6,128,128,16384,121137,5,1.21785e+06,1.17451e+06,1.22788e+06,1.99533e+10,3800,773.673,750,875,958,959,4833,41,0
atomic/bitslice,atomic,bitslice,8,128,128,16384,15239,5,166988,127551,218802,2.73592e+09,3800,16018.9,16500,31708,37542,44583,48750,41,0
atomic/bitslice,atomic,bitslice,10,128,128,16384,6418,5,46711.4,40117.6,56837.1,7.6532e+08,3800,24979.7,23375,36542,46083,48416,51458,41,0
serial/scalar,serial,scalar,1,256,256,65536,866,5,8673.25,8636.39,8686.48,5.6841e+08,3800,116095,115417,118084,126375,137083,210667,41,0
serial/bitslice,serial,bitslice,1,256,256,65536,18537,5,184825,184482,185322,1.21127e+10,3800,5384.59,5375,5417,5542,9542,12417,41,0
mutex/scalar,mutex,scalar,1,256,256,65536,867,5,8557.97,8395.37,8626.11,5.60855e+08,3800,116461,115417,119000,130834,156459,209459,41,0
mutex/scalar,mutex,scalar,2,256,256,65536,1423,5,14224,14158.7,14240.2,9.32185e+08,3800,70316.2,70292,71291,74208,108667,174208,41,0
mutex/scalar,mutex,scalar,4,256,256,65536,1962,5,20172.5,19149.7,20481.5,1.32203e+09,3800,49042.7,45750,65416,85000,110959,149208,41,0
mutex/scalar,mutex,scalar,6,256,256,65536,2396,5,24589.9,24460,24783,1.61152e+09,3800,40921.6,38334,50084,62166,81708,123458,41,0
mutex/scalar,mutex,scalar,8,256,256,65536,1705,5,16986.8,16778.1,17077.1,1.11325e+09,3800,59126.9,59208,68250,76875,86833,101042,41,0
mutex/scalar,mutex,scalar,10,256,256,65536,1534,5,15415.2,15400,15514.2,1.01025e+09,3800,64550.9,64334,78416,90750,109833,132875,41,0
mutex/bitslice,mutex,bitslice,1,256,256,65536,18505,5,184866,184339,185116,1.21154e+10,3800,5402.55,5375,5417,5625,8291,32416,41,0
mutex/bitslice,mutex,bitslice,2,256,256,65536,12375,5,123201,122269,126956,8.0741e+09,3800,8072.5,8084,8416,12333,15959,24417,41,0
mutex/bitslice,mutex,bitslice,4,256,256,65536,9785,5,98085.8,97154.7,98634.8,6.42815e+09,3800,10356.2,9750,13292,18000,24500,47917,41,0
mutex/bitslice,mutex,bitslice,6,256,256,65536,5642,5,56509.9,56134.1,56985.3,3.70343e+09,3800,17664.6,16084,24208,29792,40167,61375,41,0
mutex/bitslice,mutex,bitslice,8,256,256,65536,3451,5,34549.1,34402.7,34692.7,2.26421e+09,3800,28877.2,28583,39625,54834,75333,90292,41,0
mutex/bitslice,mutex,bitslice,10,256,256,65536,2584,5,26068.8,25915.1,26688.4,1.70845e+09,3800,38388.1,36541,54584,73334,86083,105666,41,0
barrier/scalar,barrier,scalar,1,256,256,65536,861,5,8621.84,8593.3,8635.12,5.65041e+08,3800,116176,115541,118416,127000,135167,138166,41,0
barrier/scalar,barrier,scalar,2,256,256,65536,1686,5,16882.6,16877.3,16898.9,1.10642e+09,3800,59411.3,59000,59959,68375,80167,123583,41,0
barrier/scalar,barrier,scalar,4,256,256,65536,3155,5,31577,31280.6,31891.5,2.06943e+09,3800,31399.4,31041,32500,36542,49459,58750,41,0
barrier/scalar,barrier,scalar,6,256,256,65536,4611,5,45973.8,45489.7,46790.6,3.01294e+09,3800,21641.9,21417,21792,25375,39167,107583,41,0
barrier/scalar,barrier,scalar,8,256,256,65536,2687,5,26711,26425.2,26832.2,1.75053e+09,3800,37731.2,36542,38416,53000,127875,442917,41,0
barrier/scalar,barrier,scalar,10,256,256,65536,3106,5,31517.1,30500.5,31797.7,2.06551e+09,3800,31572.3,29834,32250,69000,98500,115917,41,0
barrier/bitslice,barrier,bitslice,1,256,256,65536,18471,5,184131,183347,184339,1.20672e+10,3800,5415.01,5375,5459,5666,11958,24666,41,0
barrier/bitslice,barrier,bitslice,2,256,256,65536,34720,5,344835,338535,348484,2.25991e+10,3800,2882.14,2875,2917,3000,3083,9833,41,0
barrier/bitslice,barrier,bitslice,4,256,256,65536,44749,5,448523,436510,453632,2.93944e+10,3800,2131.69,2084,2292,2708,2792,2917,41,0
barrier/bitslice,barrier,bitslice,6,256,256,65536,49896,5,509154,498409,512850,3.33679e+10,3800,2026.8,2000,2250,2417,6583,30958,41,0
barrier/bitslice,barrier,bitslice,8,256,256,65536,30804,5,312200,296524,315136,2.04603e+10,3800,3239.33,3167,3417,3708,18375,34000,41,0
barrier/bitslice,barrier,bitslice,10,256,256,65536,34503,5,320435,314343,353192,2.1e+10,3800,2876.3,2500,2833,12666,21333,40000,41,0
atomic/scalar,atomic,scalar,1,256,256,65536,862,5,8639.65,8625.44,8660.62,5.66208e+08,3800,116494,115792,119125,129167,146125,242708,41,0
atomic/scalar,atomic,scalar,2,256,256,65536,1687,5,16899.7,16881.9,16909.8,1.10754e+09,3800,59981.2,59000,62500,76084,86541,152292,41,0
atomic/scalar,atomic,scalar,4,256,256,65536,2818,5,28591.3,27527.5,31605.8,1.87376e+09,3800,33189.7,31042,40292,50541,87166,123375,41,0
atomic/scalar,atomic,scalar,6,256,256,65536,4333,5,35459.4,34370.4,42437.7,2.32386e+09,3800,25898.4,21084,36083,42709,69541,80041,41,0
atomic/scalar,atomic,scalar,8,256,256,65536,1695,5,16814,16741.5,17055.6,1.10192e+09,3800,58989.5,58792,67334,73375,84959,88833,41,0
atomic/scalar,atomic,scalar,10,256,256,65536,1670,5,16773.2,15490.5,17385.4,1.09925e+09,3800,60068.1,58583,75750,89125,94500,99459,41,0
atomic/bitslice,atomic,bitslice,1,256,256,65536,16506,5,177835,105267,180670,1.16546e+10,3800,5626.53,5500,5709,7167,22084,33416,41,0
atomic/bitslice,atomic,bitslice,2,256,256,65536,32612,5,332725,328676,340615,2.18055e+10,3800,2948.93,2917,3042,3791,5167,13083,41,0
atomic/bitslice,atomic,bitslice,4,256,256,65536,43630,5,452499,407407,464321,2.9655e+10,3800,2596.49,2167,2958,13542,18625,20916,41,0
atomic/bitslice,atomic,bitslice,6,256,256,65536,45254,5,457696,448739,501888,2.99956e+10,3800,1943.96,1875,2125,2334,17375,36958,41,0
atomic/bitslice,atomic,bitslice,8,256,256,65536,4265,5,44631.9,42544.2,45235.2,2.92499e+09,3800,22522.4,22917,33667,39708,45167,48125,41,0
atomic/bitslice,atomic,bitslice,10,256,256,65536,3882,5,37973.8,37608.8,40036.7,2.48865e+09,3800,26016.8,24542,37625,47375,63542,122375,41,0
serial/scalar,serial,scalar,1,512,512,262144,216,5,2179.63,2168.19,2188.8,5.71377e+08,1656,463153,458333,478792,528250,599542,743750,41,0
serial/bitslice,serial,bitslice,1,512,512,262144,4728,5,47534.9,47250,47693.6,1.2461e+10,3800,20758.2,20708,20833,22708,26625,28291,41,0
mutex/scalar,mutex,scalar,1,512,512,262144,220,5,2184.59,2173.94,2192.03,5.72678e+08,1660,456629,453958,466959,494125,519834,571459,41,0
mutex/scalar,mutex,scalar,2,512,512,262144,408,5,4156.97,4128.76,4167.98,1.08972e+09,3159,242936,241459,251958,290042,384000,460791,41,0
mutex/scalar,mutex,scalar,4,512,512,262144,684,5,6844.01,6578.15,6883.02,1.79412e+09,3800,148904,134667,236542,269208,502083,589000,41,0
mutex/scalar,mutex,scalar,6,512,512,262144,957,5,9460.08,9041.53,9563.28,2.4799e+09,3800,110226,102292,135583,188542,216833,309125,41,0
mutex/scalar,mutex,scalar,8,512,512,262144,680,5,6811.22,6763.1,6847.03,1.78552e+09,3800,142578,139250,159709,193542,228000,241000,41,0
mutex/scalar,mutex,scalar,10,512,512,262144,763,5,7659.12,7550.46,7736.57,2.00779e+09,3800,130521,125042,154458,172291,190917,196000,41,0
mutex/bitslice,mutex,bitslice,1,512,512,262144,4726,5,47146.2,46506.9,47216.7,1.23591e+10,3800,21323,20750,21250,30917,56959,74625,41,0
mutex/bitslice,mutex,bitslice,2,512,512,262144,5098,5,51179.3,51040.8,51663.8,1.34163e+10,3800,18056.4,18375,20375,26208,62459,87583,41,0
mutex/bitslice,mutex,bitslice,4,512,512,262144,5522,5,55981.5,55029.5,56699.7,1.46752e+10,3800,17828.8,17250,20500,31500,54750,63000,41,0
mutex/bitslice,mutex,bitslice,6,512,512,262144,4223,5,42138.6,41922.3,42705.8,1.10464e+10,3800,23865.9,23000,31583,39750,49750,70042,41,0
mutex/bitslice,mutex,bitslice,8,512,512,262144,3054,5,30642.5,30189.2,31047.2,8.03276e+09,3800,33176.6,32375,44416,59792,71875,77375,41,0
mutex/bitslice,mutex,bitslice,10,512,512,262144,2528,5,23579.4,20339.9,25553.9,6.18119e+09,3800,43937.5,41750,61084,90833,114542,254709,41,0
barrier/scalar,barrier,scalar,1,512,512,262144,210,5,2134.94,2110.79,2176.55,5.59662e+08,1622,459996,455459,472459,529333,570333,680333,41,0
barrier/scalar,barrier,scalar,2,512,512,262144,426,5,4252.43,4061.74,4269.05,1.11475e+09,3231,236418,232625,246958,282500,337584,353250,41,0
barrier/scalar,barrier,scalar,4,512,512,262144,815,5,8035.2,5870.65,8199.54,2.10638e+09,3800,133113,121500,153584,297833,610583,1.55462e+06,41,0
barrier/scalar,barrier,scalar,6,512,512,262144,1044,5,10259.7,8924.31,11424.3,2.68952e+09,3800,83524.9,81375,83583,156458,228667,242000,41,0
barrier/scalar,barrier,scalar,8,512,512,262144,604,5,5457.49,5395.84,5498.72,1.43065e+09,3800,184764,189584,207791,219584,231209,234292,41,0
barrier/scalar,barrier,scalar,10,512,512,262144,574,5,5794.64,5773.17,5813.07,1.51903e+09,3800,170923,172792,198042,223375,382917,522459,41,0
barrier/bitslice,barrier,bitslice,1,512,512,262144,4654,5,46925.3,46636.8,47204.8,1.23012e+10,3800,21196.2,20709,21417,29375,36458,111208,41,0
barrier/bitslice,barrier,bitslice,2,512,512,262144,9248,5,91779.2,89681.2,92249.2,2.40594e+10,3800,11129.5,10833,11208,20292,29167,39583,41,0
barrier/bitslice,barrier,bitslice,4,512,512,262144,14619,5,153948,153318,158147,4.03567e+10,3800,7060.55,6250,9833,10584,21167,52500,41,0
barrier/bitslice,barrier,bitslice,6,512,512,262144,16992,5,166878,153108,181650,4.3746e+10,3800,5709.22,4417,6208,20041,213917,528167,41,0
barrier/bitslice,barrier,bitslice,8,512,512,262144,10206,5,107885,72028,114033,2.82815e+10,3800,13220.2,8125,27333,66000,121458,264625,41,0
barrier/bitslice,barrier,bitslice,10,512,512,262144,5453,5,65896.1,52289.8,70500.5,1.72743e+10,3800,11235.2,7875,19458,35375,54459,62500,41,0
atomic/scalar,atomic,scalar,1,512,512,262144,216,5,2161.97,1123.92,2178.3,5.66747e+08,1643,519010,472833,557541,1.32683e+06,3.3625e+06,4.79954e+06,41,0
atomic/scalar,atomic,scalar,2,512,512,262144,387,5,3930.41,3678.33,4003.85,1.03033e+09,2987,245324,242250,264834,289667,335417,348708,41,0
atomic/scalar,atomic,scalar,4,512,512,262144,736,5,7374.45,7342.38,7438.12,1.93317e+09,3800,137133,132709,150625,252417,277375,340459,41,0
atomic/scalar,atomic,scalar,6,512,512,262144,921,5,8419.37,7377.6,9289.23,2.20709e+09,3800,160233,143500,204042,433541,4.16329e+06,1.7116e+07,41,0
atomic/scalar,atomic,scalar,8,512,512,262144,620,5,6122.58,6003.85,6222.8,1.605e+09,3800,157027,150875,195042,261125,401167,651000,41,0
atomic/scalar,atomic,scalar,10,512,512,262144,752,5,7359.9,6858.39,7453.5,1.92935e+09,3800,136588,127125,166791,227500,294917,360708,41,0
atomic/bitslice,atomic,bitslice,1,512,512,262144,4642,5,46692.8,46329.6,46815.4,1.22402e+10,3800,21318.3,20708,21916,33208,39959,92834,41,0
atomic/bitslice,atomic,bitslice,2,512,512,262144,8436,5,83952.3,82486.9,84857.4,2.20076e+10,3800,11996.2,10666,14083,28542,53625,61833,41,0
atomic/bitslice,atomic,bitslice,4,512,512,262144,11190,5,114835,111603,120030,3.01034e+10,3800,10288.7,6792,19125,43083,89958,202292,41,0
atomic/bitslice,atomic,bitslice,6,512,512,262144,7215,5,83898.4,79031.5,87757.1,2.19935e+10,3800,14287.9,9750,31458,42292,51208,66333,41,0
atomic/bitslice,atomic,bitslice,8,512,512,262144,3280,5,33068.2,32973.2,33937.5,8.66863e+09,3800,30889.6,30083,41875,57333,69625,129500,41,0
atomic/bitslice,atomic,bitslice,10,512,512,262144,2898,5,28426,27911.7,29633.2,7.45171e+09,3800,34168.3,32416,46959,61000,69084,75459,41,0
serial/scalar,serial,scalar,1,1024,1024,1048576,53,5,531.511,530.124,535.445,5.5733e+08,404,1.86228e+06,1.85554e+06,1.93325e+06,1.99912e+06,2.05962e+06,2.05962e+06,41,0
serial/bitslice,serial,bitslice,1,1024,1024,1048576,1166,5,11453.8,11391.5,11519.4,1.20102e+10,3800,84957,82958,90625,105459,121167,153667,41,0
mutex/scalar,mutex,scalar,1,1024,1024,1048576,53,5,537.393,524.835,539.192,5.63497e+08,408,1.99285e+06,1.88079e+06,2.15292e+06,4.66312e+06,7.09383e+06,7.09383e+06,41,0
mutex/scalar,mutex,scalar,2,1024,1024,1048576,99,5,1025.42,940.132,1026.4,1.07523e+09,779,976549,967375,1.01812e+06,1.20588e+06,1.41579e+06,1.51892e+06,41,0
mutex/scalar,mutex,scalar,4,1024,1024,1048576,187,5,1953.56,1895.97,1961.16,2.04845e+09,1484,529086,501667,615375,918375,980417,1.0215e+06,41,0
mutex/scalar,mutex,scalar,6,1024,1024,1048576,224,5,2286.8,2231.42,2470.11,2.39789e+09,1738,432342,397833,549166,661375,875458,977875,41,0
mutex/scalar,mutex,scalar,8,1024,1024,1048576,216,5,2200.43,1892.41,2281.05,2.30732e+09,1672,438088,423291,490042,580750,715209,784917,41,0
mutex/scalar,mutex,scalar,10,1024,1024,1048576,197,5,2367.83,2192.95,2400.85,2.48285e+09,1800,407021,399666,466958,613083,833709,872000,41,0
mutex/bitslice,mutex,bitslice,1,1024,1024,1048576,952,5,11265.8,11234.6,11318.2,1.18131e+10,3800,84973.6,82916,90208,105458,123792,142708,41,0
mutex/bitslice,mutex,bitslice,2,1024,1024,1048576,1847,5,18118.2,17878.1,18257.7,1.89983e+10,3800,56392.7,54583,66375,99500,147917,180792,41,0
mutex/bitslice,mutex,bitslice,4,1024,1024,1048576,2322,5,22953.4,19868,23833,2.40684e+10,3800,45422.9,39917,63125,99916,165542,234416,41,0
mutex/bitslice,mutex,bitslice,6,1024,1024,1048576,2021,5,21890.2,21328.3,22476.3,2.29535e+10,3800,45905.1,45167,60167,76667,92500,98541,41,0
mutex/bitslice,mutex,bitslice,8,1024,1024,1048576,1883,5,19302.1,18884.5,19449.2,2.02397e+10,3800,50572.2,49333,64417,82667,98458,126625,41,0
mutex/bitslice,mutex,bitslice,10,1024,1024,1048576,1765,5,16605.2,15582.2,17118.4,1.74118e+10,3800,58608.2,57833,73959,96042,117542,130500,41,0
barrier/scalar,barrier,scalar,1,1024,1024,1048576,54,5,536.988,523.601,540.486,5.63072e+08,408,1.85797e+06,1.85125e+06,1.91921e+06,1.97275e+06,1.9935e+06,1.9935e+06,41,0
barrier/scalar,barrier,scalar,2,1024,1024,1048576,106,5,1062.72,1036.1,1066.23,1.11434e+09,808,1.02906e+06,932417,978667,3.909e+06,7.23775e+06,8.66283e+06,41,0
barrier/scalar,barrier,scalar,4,1024,1024,1048576,204,5,2050.94,2023.08,2056.3,2.15056e+09,1558,497842,480833,531750,685792,1.63812e+06,2.48238e+06,41,0
barrier/scalar,barrier,scalar,6,1024,1024,1048576,235,5,2355.53,2278.2,2423.05,2.46995e+09,1790,439538,401125,610417,671584,715875,728166,41,0
barrier/scalar,barrier,scalar,8,1024,1024,1048576,199,5,1898.21,1873.53,1939.41,1.99042e+09,1443,517177,508750,564500,688958,921875,1.12946e+06,41,0
barrier/scalar,barrier,scalar,10,1024,1024,1048576,214,5,2190.53,2026.75,2206.36,2.29694e+09,1665,466501,451917,518291,736042,1.19617e+06,1.751e+06,41,0
barrier/bitslice,barrier,bitslice,1,1024,1024,1048576,1145,5,11372,11153.1,11393.2,1.19244e+10,3800,85086,82709,90834,107250,120625,187042,41,0
barrier/bitslice,barrier,bitslice,2,1024,1024,1048576,2251,5,22237.2,22157.4,22361.9,2.33174e+10,3800,43557.9,42125,47375,59083,71916,82209,41,0
barrier/bitslice,barrier,bitslice,4,1024,1024,1048576,4143,5,41242,41027.6,41614.5,4.32454e+10,3800,23199.6,22083,25708,40458,63459,69792,41,0
barrier/bitslice,barrier,bitslice,6,1024,1024,1048576,4345,5,43466.2,42458.9,45053.2,4.55777e+10,3800,21822,15250,41208,58292,104208,262334,41,0
barrier/bitslice,barrier,bitslice,8,1024,1024,1048576,2795,5,27608,24275.6,27927,2.89491e+10,3800,36554.8,31041,47625,89875,149583,316208,41,0
barrier/bitslice,barrier,bitslice,10,1024,1024,1048576,2795,5,29348.2,28689.1,30738.9,3.07739e+10,3800,31457.8,26750,44542,68250,97625,107292,41,0
atomic/scalar,atomic,scalar,1,1024,1024,1048576,53,5,538.073,536.735,539.133,5.64211e+08,409,1.85794e+06,1.85075e+06,1.91892e+06,1.97967e+06,2.02908e+06,2.02908e+06,41,0
atomic/scalar,atomic,scalar,2,1024,1024,1048576,104,5,1049.52,1046.55,1053.03,1.1005e+09,798,958705,958250,993875,1.04792e+06,1.15121e+06,1.19358e+06,41,0
atomic/scalar,atomic,scalar,4,1024,1024,1048576,194,5,1944.34,1909.39,1945.8,2.03879e+09,1478,510595,496875,544541,813958,924833,937041,41,0
atomic/scalar,atomic,scalar,6,1024,1024,1048576,242,5,2419.39,2379.87,2470.34,2.53692e+09,1839,404252,364042,538333,594958,635458,671958,41,0
atomic/scalar,atomic,scalar,8,1024,1024,1048576,235,5,2351.73,2344.4,2366.02,2.46597e+09,1787,426828,418500,464875,515084,554250,563500,41,0
atomic/scalar,atomic,scalar,10,1024,1024,1048576,253,5,2493.26,2295.45,2546.53,2.61437e+09,1895,397108,400834,425625,500000,553750,612834,41,0
atomic/bitslice,atomic,bitslice,1,1024,1024,1048576,1165,5,11402.3,11354.3,11412.4,1.19562e+10,3800,85062.8,82792,90834,104917,118459,125542,41,0
atomic/bitslice,atomic,bitslice,2,1024,1024,1048576,2160,5,21200,20923,21571.6,2.22299e+10,3800,45336.8,42167,54334,67750,86792,101041,41,0
atomic/bitslice,atomic,bitslice,4,1024,1024,1048576,3373,5,33715.1,32098.9,35109.1,3.53528e+10,3800,29087.3,23334,38500,62291,87292,222750,41,0
atomic/bitslice,atomic,bitslice,6,1024,1024,1048576,3255,5,31037.1,28234,32573.7,3.25448e+10,3800,46648.9,31250,63583,309459,803833,1.57033e+06,41,0
atomic/bitslice,atomic,bitslice,8,1024,1024,1048576,1920,5,18633.8,17919.6,19021.4,1.95389e+10,3800,52921.7,52458,66500,83083,112834,191667,41,0
atomic/bitslice,atomic,bitslice,10,1024,1024,1048576,1888,5,18373.4,18141.3,19312.1,1.92659e+10,3800,51180.4,50250,65333,77958,87000,93042,41,0
serial/scalar,serial,scalar,1,2048,2048,4194304,16,5,135.332,134.71,136.051,5.67622e+08,103,7.35731e+06,7.35458e+06,7.46279e+06,7.56467e+06,7.57817e+06,7.57817e+06,41,0
serial/bitslice,serial,bitslice,1,2048,2048,4194304,257,5,2432.61,2427.38,2441.01,1.02031e+10,1849,363745,357917,382542,416542,471000,475959,41,0
mutex/scalar,mutex,scalar,1,2048,2048,4194304,16,5,135.17,133.511,135.773,5.66945e+08,103,7.36812e+06,7.35017e+06,7.52692e+06,7.71033e+06,7.73267e+06,7.73267e+06,41,0
mutex/scalar,mutex,scalar,2,2048,2048,4194304,26,5,264.826,199.523,266.532,1.11076e+09,201,3.74428e+06,3.74333e+06,3.79638e+06,3.88067e+06,3.95462e+06,3.95462e+06,41,0
mutex/scalar,mutex,scalar,4,2048,2048,4194304,51,5,513.373,474.182,515.079,2.15324e+09,390,2.02676e+06,1.9595e+06,2.23088e+06,2.69196e+06,4.16996e+06,4.16996e+06,41,0
mutex/scalar,mutex,scalar,6,2048,2048,4194304,59,5,613.705,554.78,622.537,2.57407e+09,466,1.89859e+06,1.78762e+06,2.10604e+06,5.34662e+06,1.76201e+07,1.76201e+07,41,0
mutex/scalar,mutex,scalar,8,2048,2048,4194304,63,5,643.997,620.447,655.828,2.70112e+09,490,1.53841e+06,1.53167e+06,1.59279e+06,1.74892e+06,1.84471e+06,1.84471e+06,41,0
mutex/scalar,mutex,scalar,10,2048,2048,4194304,71,5,687.483,481.992,688.923,2.88351e+09,522,1.45499e+06,1.49917e+06,1.57358e+06,1.72488e+06,1.92779e+06,1.965e+06,41,0
mutex/bitslice,mutex,bitslice,1,2048,2048,4194304,257,5,2423.66,2418.26,2433.25,1.01656e+10,1842,366497,362042,386667,426291,476000,499834,41,0
mutex/bitslice,mutex,bitslice,2,2048,2048,4194304,447,5,4383.89,4360.77,4413.54,1.83874e+10,3332,200997,197667,217791,239666,322167,393500,41,0
mutex/bitslice,mutex,bitslice,4,2048,2048,4194304,695,5,7309.41,7241.05,7349.8,3.06579e+10,3800,120665,111292,146917,219875,424666,521958,41,0
mutex/bitslice,mutex,bitslice,6,2048,2048,4194304,752,5,8390.82,7995.09,8607.99,3.51937e+10,3800,102966,90958,137792,158666,178000,245167,41,0
mutex/bitslice,mutex,bitslice,8,2048,2048,4194304,712,5,7409.64,7397.54,7524.86,3.10783e+10,3800,117645,114625,133917,154833,179333,186625,41,0
mutex/bitslice,mutex,bitslice,10,2048,2048,4194304,736,5,7812.9,7731.95,7863.2,3.27697e+10,3800,110802,106750,131000,153000,169458,224875,41,0
barrier/scalar,barrier,scalar,1,2048,2048,4194304,16,5,135.426,134.55,135.685,5.68018e+08,103,7.45388e+06,7.41225e+06,7.67971e+06,7.75188e+06,7.86504e+06,7.86504e+06,41,0
barrier/scalar,barrier,scalar,2,2048,2048,4194304,26,5,264.878,264.244,265.912,1.11098e+09,201,3.80495e+06,3.76754e+06,3.96933e+06,4.29975e+06,4.39325e+06,4.39325e+06,41,0
barrier/scalar,barrier,scalar,4,2048,2048,4194304,51,5,508.741,500.151,516.078,2.13382e+09,386,1.97516e+06,1.95104e+06,2.09083e+06,2.27875e+06,2.63729e+06,2.63729e+06,41,0
barrier/scalar,barrier,scalar,6,2048,2048,4194304,58,5,497.261,441.899,585.753,2.08567e+09,378,1.75015e+06,1.71883e+06,2.14833e+06,2.28629e+06,2.842e+06,2.842e+06,41,0
barrier/scalar,barrier,scalar,8,2048,2048,4194304,59,5,580.311,542.231,591.627,2.434e+09,441,1.71064e+06,1.70479e+06,1.82067e+06,1.93083e+06,2.29092e+06,2.29092e+06,41,0
barrier/scalar,barrier,scalar,10,2048,2048,4194304,63,5,634.648,611.873,643.272,2.66191e+09,482,1.5536e+06,1.56867e+06,1.66079e+06,1.8375e+06,1.96658e+06,1.96658e+06,41,0
barrier/bitslice,barrier,bitslice,1,2048,2048,4194304,257,5,2425.73,2419.7,2432.57,1.01743e+10,1843,363757,357083,383958,414750,442083,461250,41,0
barrier/bitslice,barrier,bitslice,2,2048,2048,4194304,481,5,4700.1,4536.67,4753.32,1.97136e+10,3572,184212,179542,195458,218416,245917,327583,41,0
barrier/bitslice,barrier,bitslice,4,2048,2048,4194304,810,5,8846.91,8757.84,8928.68,3.71066e+10,3800,98427.2,93041,109167,161291,199208,215750,41,0
barrier/bitslice,barrier,bitslice,6,2048,2048,4194304,881,5,9461.42,9304.4,9560.03,3.96841e+10,3800,90053.5,62916,158458,189250,220292,686542,41,0
barrier/bitslice,barrier,bitslice,8,2048,2048,4194304,579,5,5856.8,5831.77,5986.98,2.45652e+10,3800,153929,153833,183333,226833,303166,1.32171e+06,41,0
barrier/bitslice,barrier,bitslice,10,2048,2048,4194304,589,5,6063.63,5970.16,6072.12,2.54327e+10,3800,147040,150125,172917,198417,224125,294584,41,0
atomic/scalar,atomic,scalar,1,2048,2048,4194304,16,5,134.932,134.715,135.16,5.65946e+08,102,7.72866e+06,7.41912e+06,7.62179e+06,1.6245e+07,1.91324e+07,1.91324e+07,41,0
atomic/scalar,atomic,scalar,2,2048,2048,4194304,26,5,266.617,266.475,267.007,1.11827e+09,203,3.75752e+06,3.73096e+06,3.80304e+06,4.11725e+06,6.34346e+06,6.34346e+06,41,0
atomic/scalar,atomic,scalar,4,2048,2048,4194304,50,5,504.815,502.814,510.847,2.11735e+09,383,1.97376e+06,1.94838e+06,2.07788e+06,2.443e+06,2.50696e+06,2.50696e+06,41,0
atomic/scalar,atomic,scalar,6,2048,2048,4194304,65,5,655.413,638.215,661.198,2.749e+09,498,1.5787e+06,1.49888e+06,2.02467e+06,2.11546e+06,2.15412e+06,2.15412e+06,41,0
atomic/scalar,atomic,scalar,8,2048,2048,4194304,63,5,643.992,636.429,648.7,2.7011e+09,490,1.54994e+06,1.54338e+06,1.61296e+06,1.80167e+06,1.86704e+06,1.86704e+06,41,0
atomic/scalar,atomic,scalar,10,2048,2048,4194304,69,5,685.286,681.213,696.247,2.8743e+09,521,1.47701e+06,1.52308e+06,1.58729e+06,1.62883e+06,1.6725e+06,1.68583e+06,41,0
atomic/bitslice,atomic,bitslice,1,2048,2048,4194304,258,5,2423.83,2415.03,2439.39,1.01663e+10,1843,366288,361583,385250,424792,508125,603625,41,0
atomic/bitslice,atomic,bitslice,2,2048,2048,4194304,462,5,4578.54,4558.72,4593.93,1.92038e+10,3479,193173,190541,212208,230458,247459,259125,41,0
atomic/bitslice,atomic,bitslice,4,2048,2048,4194304,757,5,8062.52,7987.26,8160.88,3.38166e+10,3800,106020,103041,121084,199250,221958,231167,41,0
atomic/bitslice,atomic,bitslice,6,2048,2048,4194304,886,5,9421.53,8603.57,9572.83,3.95168e+10,3800,95379.1,82625,131500,152875,178750,184041,41,0
atomic/bitslice,atomic,bitslice,8,2048,2048,4194304,725,5,7552.88,7517.49,7594.29,3.16791e+10,3800,115786,113417,127625,155500,168083,179458,41,0
atomic/bitslice,atomic,bitslice,10,2048,2048,4194304,775,5,8066.46,7908.33,8307.39,3.38332e+10,3800,107534,101875,130250,171209,199917,261625,41,0
